Reliability factors (\%),"Lattice parameters ( $\AA,{ }^{\circ}, \AA^{3}$ )"
"$\mathrm{SrLaZnRuO}_{6}, T=1173 \mathrm{~K}$",
$R_{\mathrm{p}}=3.712$,$a=5.6540(1)$
$R_{\mathrm{wp}}=5.35$,$c=13.7860(4)$
$R_{\text {exp }}=5.78$,$\gamma=120$
$R_{\text {Bragg }}=9.60$,$V=381.67(2)$
"Rhombohedral axis: $a_{\mathrm{r}}=5.6368(1) \AA, \alpha_{\mathrm{r}}=60.20(1)^{\circ}$",
"$\mathrm{SrLaMgRuO}_{6}, T=773 \mathrm{~K}$",
$R_{\mathrm{p}}=2.82$,$a=5.6055$ (3)
$R_{\mathrm{wp}}=3.77$,$c=13.667(1)$
$R_{\text {exp }}=6.40$,$\gamma=120$
$R_{\text {Bragg }}=11.62$,$V=371.89(4)$
"Rhombohedral axis: $a_{\mathrm{r}}=5.588(1) \AA, \alpha_{\mathrm{r}}=60.20(3)^{\circ}$",
