,M,,,M,
,Cu,Ni,,Cu,Ni
M1/Ru1-O1 × 2,2.06(2),2.06(1),/O1-M1/Ru1-O2,93(1),94(1)
$\mathrm{M} 1 / \mathrm{Ru} 1-\mathrm{O} 2 \times 2$,2.05(2),2.03(1),/O1-M1/Ru1-O3,90(1),91(1)
$\mathrm{M} 1 / \mathrm{Ru} 1-\mathrm{O} 3 \times 2$,2.05(2),2.03(2),/O2-M1/Ru1-O3,92(2),91(1)
Average M1/Ru1-O,2.05(2),2.04(2),/O1-Ru2/M2-O2,90(1),91(1)
$d_{\mathrm{M}-\mathrm{O}}{ }^{\mathrm{a}}$,2.0855,2.0605,/O1-Ru2/M2-O3,91(2),92(1)
$\mathrm{Ru} 2 / \mathrm{M} 2-\mathrm{O} 1 \times 2$,1.97(2),1.95(1),/O2-Ru2/M2-O3,93(2),91(1)
$\mathrm{Ru} 2 / \mathrm{M} 2-\mathrm{O} 2 \times 2$,1.94(2),1.94(1),/M1/Ru1-O1-Ru2/M2,158(1),158(1)
$\mathrm{Ru} 2 / \mathrm{M} 2-\mathrm{O} 3 \times 2$,1.94(2),1.96(2),/M1/Ru1-O2-Ru2/M2,164(1),164(1)
Average Ru2/M2-O,1.95(2),1.95(2),/M1/Ru1-O3-Ru2/M2,158(1),160(1)
$d_{\text {Ru-O }}{ }^{\text {a }}$,1.9670,1.9670,,,
